"NAME_EN","ID_mrgd","nm_mrgd","continent","fao_official","Country_FAO","figure_name"
"Pacific, Northeast",67,"Pacific",NA,NA,NA,NA
"Atlantic, Northeast",27,"Atlantic",NA,NA,NA,NA
"Atlantic, Eastern Central",34,"Atlantic",NA,NA,NA,NA
"Atlantic, Northwest",21,"Atlantic",NA,NA,NA,NA
"Pacific, Northwest",61,"Pacific",NA,NA,NA,NA
"Indian Ocean, Western",51,"Indian",NA,NA,NA,NA
"Indian Ocean, Eastern",57,"Indian",NA,NA,NA,NA
"Pacific, Western Central",71,"Pacific",NA,NA,NA,NA
"Pacific, Southwest",81,"Pacific",NA,NA,NA,NA
"Indian Ocean, Antarctic",58,"Southern Ocean",NA,NA,NA,NA
"Atlantic, Antarctic",48,"Southern Ocean",NA,NA,NA,NA
"Pacific, Antarctic",88,"Southern Ocean",NA,NA,NA,NA
"Pacific, Eastern Central",77,"Pacific",NA,NA,NA,NA
"Atlantic, Southeast",47,"Atlantic",NA,NA,NA,NA
"Arctic Sea",18,"Arctic",NA,NA,NA,NA
"Atlantic, Southwest",41,"Atlantic",NA,NA,NA,NA
"Atlantic, Western Central",31,"Atlantic",NA,NA,NA,NA
"Pacific, Southeast",87,"Pacific",NA,NA,NA,NA
NA,8444,"American Samoa Exclusive Economic Zone","Oceania","American Samoa","the United States of America","American Samoa"
NA,8379,"Ascension Exclusive Economic Zone","Africa","Ascension",NA,"Ascension"
NA,8446,"Cook Islands Exclusive Economic Zone","Oceania","the Cook Islands","New Zealand","Cook Islands"
NA,8389,"Overlapping claim Falkland / Malvinas Islands: UK / Argentina","Americas",NA,NA,NA
NA,8440,"French Polynesian Exclusive Economic Zone","Oceania","French Polynesia","the French Republic","French Polynesia"
NA,8439,"Pitcairn Islands Exclusive Economic Zone","Oceania","Pitcairn",NA,"Pitcairn"
NA,8380,"St. Helena Exclusive Economic Zone","Africa","Saint Helena",NA,"Saint Helena"
NA,8445,"Samoan Exclusive Economic Zone","Oceania","the Independent State of Samoa","the Independent State of Samoa","Samoa"
NA,8448,"Tongan Exclusive Economic Zone","Oceania","the Kingdom of Tonga","the Kingdom of Tonga","Tonga"
NA,8382,"Tristan Da Cunha Exclusive Economic Zone","Africa","Tristan da Cunha",NA,"Tristan da Cunha"
NA,8465,"Chilean Exclusive Economic Zone","Americas","the Republic of Chile","the Republic of Chile","Chile"
NA,8447,"Niue Exclusive Economic Zone","Oceania","Niue",NA,"Niue"
NA,48961,"Joint regime area Argentina / Uruguay","Americas",NA,NA,NA
NA,48962,"Joint regime area Peru / Ecuador","Americas",NA,NA,NA
NA,8467,"Uruguayan Exclusive Economic Zone","Americas","the Eastern Republic of Uruguay","the Eastern Republic of Uruguay","Uruguay"
NA,8449,"Tokelau Exclusive Economic Zone","Oceania","Tokelau","New Zealand","Tokelau"
NA,8432,"Peruvian Exclusive Economic Zone","Americas","the Republic of Peru","the Republic of Peru","Peru"
NA,22756,"Chilean Exclusive Economic Zone (San Felix and San Ambrosio islands)","Americas","the Republic of Chile (San Felix and San Ambrosio islands)","the Republic of Chile","Chile (San Felix and San Ambrosio islands)"
NA,21787,"Chilean Exclusive Economic Zone (Easter Island)","Americas","the Republic of Chile (Easter Island)","the Republic of Chile","Chile (Easter Island)"
NA,8381,"Brazilian Exclusive Economic Zone (Trindade)","Americas","the Federative Republic of Brazil (Trindade)","the Federative Republic of Brazil","Brazil (Trindade)"
NA,8450,"Kiribati Exclusive Economic Zone (Phoenix Islands)","Oceania","the Republic of Kiribati (Phoenix Islands)","the Republic of Kiribati","Kiribati (Phoenix Islands)"
NA,8466,"Argentinean Exclusive Economic Zone","Americas","the Argentine Republic","the Argentine Republic","Argentina"
NA,8386,"Amsterdam Island & St. Paul Island Exclusive Economic Zone","Africa",NA,NA,NA
NA,8309,"Christmas Island Exclusive Economic Zone","Oceania","Christmas Island","Australia","Christmas Island"
NA,8308,"Cocos Islands Exclusive Economic Zone","Oceania","the Cocos (Keeling) Islands",NA,"Cocos (Keeling) Islands"
NA,8334,"Comoran Exclusive Economic Zone","Africa","the Union of the Comoros","the Republic of Colombia","Comoros"
NA,8385,"Crozet Islands Exclusive Economic Zone","Africa",NA,NA,NA
NA,48944,"Overlapping claim Mayotte: France / Comoros","Africa",NA,NA,NA
NA,48946,"Overlapping claim Ile Tromelin: Reunion / Madagascar / Mauritus","Africa",NA,NA,NA
NA,8388,"Heard and McDonald Islands Exclusive Economic Zone","Oceania","Heard Island and McDonald Islands",NA,"Heard Island and McDonald Islands"
NA,8387,"Kerguelen Exclusive Economic Zone","Africa","the Kerguelen Islands",NA,"Kerguelen Islands"
NA,8348,"Madagascan Exclusive Economic Zone","Africa","the Republic of Madagascar","the Republic of Madagascar","Madagascar"
NA,8396,"South African Exclusive Economic Zone","Africa","the Republic of South Africa","the Republic of South Africa","South Africa"
NA,8312,"New Caledonian Exclusive Economic Zone","Oceania","New Caledonia","the French Republic","New Caledonia"
NA,8310,"Norfolk Island Exclusive Economic Zone","Oceania","Norfolk Island",NA,"Norfolk Island"
NA,8343,"Mauritian Exclusive Economic Zone","Africa","the Republic of Mauritius","the Republic of Mauritius","Mauritius"
NA,8338,"Réunion Exclusive Economic Zone","Africa","Réunion",NA,"Réunion"
NA,8313,"Vanuatu Exclusive Economic Zone","Oceania","the Republic of Vanuatu","the Republic of Vanuatu","Vanuatu"
NA,8395,"Namibian Exclusive Economic Zone","Africa","the Republic of Namibia","the Republic of Namibia","Namibia"
NA,21791,"Oecussi Ambeno Exclusive Economic Zone","Asia",NA,NA,NA
NA,8394,"Congolese Exclusive Economic Zone","Africa","the Republic of the Congo","the Republic of the Congo","Congo"
NA,8478,"Angolan Exclusive Economic Zone","Africa","the Republic of Angola","the Republic of Angola","Angola"
NA,8347,"Mozambican Exclusive Economic Zone","Africa","the Republic of Mozambique","the Republic of Mozambique","Mozambique"
NA,8349,"Kenyan Exclusive Economic Zone","Africa","the Republic of Kenya","the Republic of Kenya","Kenya"
NA,21798,"Protected Zone established under the Torres Strait Treaty","Oceania",NA,NA,NA
NA,8384,"South African Exclusive Economic Zone (Prince Edward Islands)","Africa","Prince Edward Island",NA,"Prince Edward Island"
NA,8479,"Tanzanian Exclusive Economic Zone","Africa","the United Republic of Tanzania","the United Republic of Tanzania","United Republic of Tanzania"
NA,8314,"Solomon Islands Exclusive Economic Zone","Oceania","Solomon Islands","Solomon Islands","Solomon Islands"
NA,8337,"Seychellois Exclusive Economic Zone","Africa","the Republic of Seychelles","the Republic of Seychelles","Seychelles"
NA,48945,"Overlapping claim Glorioso Islands: France / Madagascar","Africa",NA,NA,NA
NA,8341,"Ile Europa Exclusive Economic Zone","Africa",NA,NA,NA
NA,48948,"Overlapping claim Matthew and Hunter Islands: New Caledonia / Vanuatu","Oceania",NA,NA,NA
NA,8477,"Democratic Republic of the Congo Exclusive Economic Zone","Africa","the Democratic Republic of the Congo","the Democratic Republic of the Congo","Democratic Republic of the Congo"
NA,8323,"Australian Exclusive Economic Zone","Oceania","Australia","Australia","Australia"
NA,8311,"Australian Exclusive Economic Zone (Macquarie Island)","Oceania","Australia (Macquarie Island)","Australia","Australia (Macquarie Island)"
NA,8339,"Juan de Nova Exclusive Economic Zone","Africa","Juan de Nova Island",NA,"Juan de Nova Island"
NA,8340,"Bassas da India Exclusive Economic Zone","Africa","Bassas da India",NA,"Bassas da India"
NA,33176,"Overlapping claim: Kenya / Somalia","Africa",NA,NA,NA
NA,8758,"East Timorian Exclusive Economic Zone","Asia","the Democratic Republic of Timor-Leste","the Democratic Republic of Timor-Leste","Timor-Leste"
NA,8412,"Anguilla Exclusive Economic Zone","Americas","Anguilla","the United Kingdom of Great Britain and Northern Ireland","Anguilla"
NA,8414,"Antigua and Barbuda Exclusive Economic Zone","Americas","Antigua and Barbuda","Antigua and Barbuda","Antigua and Barbuda"
NA,26519,"Aruban Exclusive Economic Zone","Americas","Aruba","the Kingdom of the Netherlands","Aruba"
NA,8361,"Portuguese Exclusive Economic Zone (Azores)","Europe","the Portuguese Republic (Azores Islands)","the Portuguese Republic","Portugal (Azores Islands)"
NA,8404,"Bahamas Exclusive Economic Zone","Americas","the Commonwealth of the Bahamas","the Commonwealth of the Bahamas","Bahamas"
NA,8418,"Barbados Exclusive Economic Zone","Americas","Barbados","Barbados","Barbados"
NA,8429,"Mexican Exclusive Economic Zone","Americas","the United Mexican States","the United Mexican States","Mexico"
NA,26520,"Bonaire Exclusive Economic Zone","Americas","Bonaire","the Kingdom of the Netherlands","Bonaire"
NA,8411,"British Virgin Islands Exclusive Economic Zone","Americas","the British Virgin Islands",NA,"British Virgin Islands"
NA,8362,"Cape Verdean Exclusive Economic Zone","Africa","the Republic of Cabo Verde",NA,"Cabo Verde"
NA,8364,"Spanish Exclusive Economic Zone (Canary Islands)","Europe","the Canary Islands","the Kingdom of Spain","Canary Islands"
NA,8407,"Cayman Islands Exclusive Economic Zone","Americas","the Cayman Islands",NA,"Cayman Islands"
NA,8401,"Clipperton Exclusive Economic Zone","Oceania","Clipperton Island","the French Republic","Clipperton Island"
NA,8423,"Panamanian Exclusive Economic Zone","Americas","the Republic of Panama","the Republic of Panama","Panama"
NA,8424,"Costa Rican Exclusive Economic Zone","Americas","the Republic of Costa Rica","the Republic of Costa Rica","Costa Rica"
NA,26517,"Curaçaoan Exclusive Economic Zone","Americas","Curaçao",NA,"Curaçao"
NA,8417,"Dominican Exclusive Economic Zone","Americas","the Commonwealth of Dominica","the Commonwealth of Dominica","Dominica"
NA,8409,"Dominican Republic Exclusive Economic Zone","Americas","the Dominican Republic","the Dominican Republic","Dominican Republic"
NA,8430,"Guatemalan Exclusive Economic Zone","Americas","the Republic of Guatemala","the Republic of Guatemala","Guatemala"
NA,8435,"Faeroe Exclusive Economic Zone","Europe","the Faroe Islands",NA,"Faroe Islands"
NA,8370,"Gambian Exclusive Economic Zone","Africa","the Republic of the Gambia","the Republic of the Gambia","Gambia"
NA,8365,"Overlapping claim Gibraltarian Exclusive Economic Zone","Oceania",NA,NA,NA
NA,8419,"Grenadian Exclusive Economic Zone","Americas","Grenada","Grenada","Grenada"
NA,33177,"Guadeloupean Exclusive Economic Zone","Americas","Guadeloupe","the French Republic","Guadeloupe"
NA,8390,"Sierra Leonian Exclusive Economic Zone","Africa","the Republic of Sierra Leone","the Republic of Sierra Leone","Sierra Leone"
NA,5680,"Icelandic Exclusive Economic Zone","Europe","Iceland","Iceland","Iceland"
NA,8459,"Jamaican Exclusive Economic Zone","Americas","Jamaica","Jamaica","Jamaica"
NA,8363,"Portuguese Exclusive Economic Zone (Madeira)","Europe","the Madeira Islands","the Portuguese Republic","Madeira Islands"
NA,8369,"Mauritanian Exclusive Economic Zone","Africa","the Islamic Republic of Mauritania","the Islamic Republic of Mauritania","Mauritania"
NA,8415,"Montserrat Exclusive Economic Zone","Americas","Montserrat","the United Kingdom of Great Britain and Northern Ireland","Montserrat"
NA,48951,"Overlapping claim Navassa Island: USA / Haiti / Jamaica","Americas",NA,NA,NA
NA,8443,"Palmyra Atoll Exclusive Economic Zone","Oceania","Palmyra Atoll","the United States of America","Palmyra Atoll"
NA,33179,"Puerto Rican Exclusive Economic Zone","Americas","the Commonwealth of Puerto Rico",NA,"Puerto Rico"
NA,26518,"Saba Exclusive Economic Zone","Americas","Saba","the Kingdom of the Netherlands","Saba"
NA,48952,"Saint-Barthélemy Exclusive Economic Zone","Americas","Saint Barthélemy",NA,"Saint Barthélemy"
NA,26526,"Sint-Eustatius Exclusive Economic Zone","Americas","Sint Eustatius","the Kingdom of the Netherlands","Sint Eustatius"
NA,8413,"Saint Kitts and Nevis Exclusive Economic Zone","Americas","Saint Kitts and Nevis","Saint Kitts and Nevis","Saint Kitts and Nevis"
NA,8416,"Saint Lucia Exclusive Economic Zone","Americas","Saint Lucia","Saint Lucia","Saint Lucia"
NA,8495,"Saint-Martin Exclusive Economic Zone","Americas","Saint Martin (French part)",NA,"Saint Martin (French part)"
NA,8494,"Saint-Pierre and Miquelon Exclusive Economic Zone","Americas","Saint Pierre and Miquelon","the French Republic","Saint Pierre and Miquelon"
NA,8421,"Saint Vincent and the Grenadines Exclusive Economic Zone","Americas","Saint Vincent and the Grenadines","Saint Vincent and the Grenadines","Saint Vincent and the Grenadines"
NA,21803,"Sint-Maarten Exclusive Economic Zone","Americas","Sint Maarten (Dutch part)",NA,"Sint Maarten (Dutch part)"
NA,8420,"Trinidad and Tobago Exclusive Economic Zone","Americas","the Republic of Trinidad and Tobago","the Republic of Trinidad and Tobago","Trinidad and Tobago"
NA,8405,"Turks and Caicos Exclusive Economic Zone","Americas","the Turks and Caicos Islands",NA,"Turks and Caicos Islands"
NA,33180,"Virgin Islander Exclusive Economic Zone","Americas","the United States Virgin Islands","the United States of America","United States Virgin Islands"
NA,5688,"Portuguese Exclusive Economic Zone","Europe","the Portuguese Republic","the Portuguese Republic","Portugal"
NA,8428,"El Salvador Exclusive Economic Zone","Americas","the Republic of El Salvador","the Republic of El Salvador","El Salvador"
NA,8457,"Belizean Exclusive Economic Zone","Americas","Belize","Belize","Belize"
NA,8406,"Cuban Exclusive Economic Zone","Americas","the Republic of Cuba","the Republic of Cuba","Cuba"
NA,8408,"Haitian Exclusive Economic Zone","Americas","the Republic of Haiti","the Republic of Haiti","Haiti"
NA,33178,"Martinican Exclusive Economic Zone","Americas","Martinique","the French Republic","Martinique"
NA,48964,"Joint regime area Senegal / Guinea Bissau","Africa",NA,NA,NA
NA,48965,"Overlapping claim: Venezuela / Aruba / Dominican Republic","Americas",NA,NA,NA
NA,48966,"Joint regime area Spain / France","Europe",NA,NA,NA
NA,48967,"Joint regime area United Kingdom / Denmark (Faeroe Islands)","Europe",NA,NA,NA
NA,48943,"Overlapping claim: Canada / USA","Americas",NA,NA,NA
NA,48968,"Joint regime area Costa Rica / Ecuador (Galapagos)","Americas",NA,NA,NA
NA,8425,"Nicaraguan Exclusive Economic Zone","Americas","the Republic of Nicaragua","the Republic of Nicaragua","Nicaragua"
NA,8460,"Guyanese Exclusive Economic Zone","Americas","the Co-operative Republic of Guyana","the Co-operative Republic of Guyana","Guyana"
NA,48969,"Joint regime area Guyana / Barbados","Americas",NA,NA,NA
NA,48970,"Joint regime area Colombia / Dominican Republic","Americas",NA,NA,NA
NA,48971,"Overlapping claim: Venezuela / Colombia / Dominican Republic","Americas",NA,NA,NA
NA,5681,"Irish Exclusive Economic Zone","Europe","Ireland","Ireland","Ireland"
NA,21788,"Guernsey Exclusive Economic Zone","Europe","the Bailiwick of Guernsey",NA,"Guernsey"
NA,21789,"Jersey Exclusive Economic Zone","Europe","the Bailiwick of Jersey",NA,"Jersey"
NA,8371,"Senegalese Exclusive Economic Zone","Africa","the Republic of Senegal","the Republic of Senegal","Senegal"
NA,8471,"Guinea Bissau Exclusive Economic Zone","Africa","the Republic of Guinea-Bissau","the Republic of Guinea-Bissau","Guinea-Bissau"
NA,8472,"Guinean Exclusive Economic Zone","Africa","the Republic of Guinea","the Republic of Guinea","Guinea"
NA,8473,"Ivory Coast Exclusive Economic Zone","Africa","the Republic of Côte d'Ivoire",NA,"Côte d'Ivoire"
NA,33185,"Overlapping claim: Trinidad and Tobago / Venezuela / Guyana","Americas",NA,NA,NA
NA,8391,"Liberian Exclusive Economic Zone","Africa","the Republic of Liberia","the Republic of Liberia","Liberia"
NA,21792,"Joint regime area Colombia / Jamaica","Americas",NA,NA,NA
NA,48972,"Joint regime area Honduras / Cayman Islands","Americas",NA,NA,NA
NA,48973,"Joint regime area Iceland / Denmark (Faeroe Islands)","Europe",NA,NA,NA
NA,8433,"Venezuelan Exclusive Economic Zone","Americas","the Bolivarian Republic of Venezuela","the Bolivarian Republic of Venezuela","Venezuela (Bolivarian Republic of)"
NA,8427,"Honduran Exclusive Economic Zone","Americas","the Republic of Honduras","the Republic of Honduras","Honduras"
NA,48974,"Joint regime area Ecuador / Colombia","Americas",NA,NA,NA
NA,48975,"Joint regime area Iceland / Norway (Jan Mayen)","Europe",NA,NA,NA
NA,8493,"Canadian Exclusive Economic Zone","Americas","Canada","Canada","Canada"
NA,8368,"Overlapping claim Western Saharan Exclusive Economic Zone","Africa",NA,NA,NA
NA,8461,"Surinamese Exclusive Economic Zone","Americas","the Republic of Suriname","the Republic of Suriname","Suriname"
NA,8462,"French Guiana Exclusive Economic Zone","Americas","French Guiana","the French Republic","French Guiana"
NA,48982,"Overlapping claim: Puerto Rico / Dominican Republic","Americas",NA,NA,NA
NA,8452,"Johnston Atoll Exclusive Economic Zone","Oceania","Johnston Atoll","the United States of America","Johnston Atoll"
NA,8426,"Colombian Exclusive Economic Zone","Americas","the Republic of Colombia","the Republic of Colombia","Colombia"
NA,62596,"Colombian Exclusive Economic Zone (Serrana)","Americas","the Republic of Colombia (Serrana)","the Republic of Colombia","Colombia (Serrana)"
NA,62598,"Colombian Exclusive Economic Zone (Quitasueño)","Americas","the Republic of Colombia (Quitasueño)","the Republic of Colombia","Colombia (Quitasueño)"
NA,48984,"Colombian Exclusive Economic Zone (Serranilla)","Americas","the Republic of Colombia  (Serranilla)","the Republic of Colombia","Colombia (Serranilla)"
NA,48985,"Colombian Exclusive Economic Zone (Bajo Nuevo)","Americas","the Republic of Colombia (Bajo Nuevo)","the Republic of Colombia","Colombia (Bajo Nuevo)"
NA,8367,"Moroccan Exclusive Economic Zone","Africa","the Kingdom of Morocco","the Kingdom of Morocco","Morocco"
NA,49000,"Overlapping claim Melilla: Spain / Morocco","Oceania",NA,NA,NA
NA,49001,"Overlapping claim Alhucemas Islands: Spain / Morocco","Oceania",NA,NA,NA
NA,48998,"Overlapping claim Perejil Island: Spain / Morocco","Oceania",NA,NA,NA
NA,49002,"Overlapping claim Ceuta: Spain / Morocco","Oceania",NA,NA,NA
NA,48999,"Overlapping claim Peñón de Vélez de la Gomera: Spain / Morocco","Oceania",NA,NA,NA
NA,48997,"Overlapping claim Chafarinas Islands: Spain / Morocco","Oceania",NA,NA,NA
NA,8360,"United Arab Emirates Exclusive Economic Zone","Asia","the United Arab Emirates","the United Arab Emirates","United Arab Emirates"
NA,8376,"Cypriote Exclusive Economic Zone","Asia","the Republic of Cyprus","the Republic of Cyprus","Cyprus"
NA,48947,"Overlapping claim: Iran / United Arab Emirates","Asia",NA,NA,NA
NA,48956,"Overlapping claim Doumeira Islands: Djibouti / Eritrea","Oceania",NA,NA,NA
NA,8490,"Egyptian Exclusive Economic Zone","Africa","the Arab Republic of Egypt","the Arab Republic of Egypt","Egypt"
NA,8351,"Eritrean Exclusive Economic Zone","Africa","the State of Eritrea","the State of Eritrea","Eritrea"
NA,5678,"Georgian Exclusive Economic Zone","Europe","Georgia","Georgia","Georgia"
NA,8469,"Iranian Exclusive Economic Zone","Asia","the Islamic Republic of Iran","the Islamic Republic of Iran","Iran (Islamic Republic of)"
NA,8374,"Lebanese Exclusive Economic Zone","Asia","the Lebanese Republic","the Lebanese Republic","Lebanon"
NA,8372,"Libyan Exclusive Economic Zone","Africa","the State of Libya",NA,"Libya"
NA,5685,"Maltese Exclusive Economic Zone","Europe","the Republic of Malta","the Republic of Malta","Malta"
NA,8354,"Omani Exclusive Economic Zone","Asia","the Sultanate of Oman","the Sultanate of Oman","Oman"
NA,8356,"Saudi Arabian Exclusive Economic Zone","Asia","the Kingdom of Saudi Arabia","the Kingdom of Saudi Arabia","Saudi Arabia"
NA,8346,"Sri Lankan Exclusive Economic Zone","Asia","the Democratic Socialist Republic of Sri Lanka","the Democratic Socialist Republic of Sri Lanka","Sri Lanka"
NA,8355,"Sudanese Exclusive Economic Zone","Africa","the Republic of the Sudan","the Republic of the Sudan","Sudan"
NA,8373,"Syrian Exclusive Economic Zone","Asia","the Syrian Arab Republic","the Syrian Arab Republic","Syrian Arab Republic"
NA,8392,"Togolese Exclusive Economic Zone","Africa","the Togolese Republic","the Togolese Republic","Togo"
NA,5679,"Greek Exclusive Economic Zone","Europe","the Hellenic Republic","the Hellenic Republic","Greece"
NA,5697,"Turkish Exclusive Economic Zone","Asia","the Republic of Türkiye",NA,"Türkiye"
NA,21790,"Monégasque Exclusive Economic Zone","Europe","the Principality of Monaco","the Principality of Monaco","Monaco"
NA,8366,"Tunisian Exclusive Economic Zone","Africa","the Republic of Tunisia","the Republic of Tunisia","Tunisia"
NA,5691,"Montenegrin Exclusive economic Zone","Europe","Montenegro","Montenegro","Montenegro"
NA,5670,"Albanian Exclusive Economic Zone","Europe","the Republic of Albania","the Republic of Albania","Albania"
NA,5672,"Bulgarian Exclusive Economic Zone","Europe","the Republic of Bulgaria","the Republic of Bulgaria","Bulgaria"
NA,48953,"Palestinian Exclusive Economic Zone","Asia","Palestine","Palestine","Palestine"
NA,8357,"Kuwaiti Exclusive Economic Zone","Asia","the State of Kuwait","the State of Kuwait","Kuwait"
NA,8470,"Iraqi Exclusive Economic Zone","Asia","the Republic of Iraq","the Republic of Iraq","Iraq"
NA,8358,"Bahraini Exclusive Economic Zone","Asia","the Kingdom of Bahrain","the Kingdom of Bahrain","Bahrain"
NA,8468,"Qatari Exclusive Economic Zone","Asia","the State of Qatar","the State of Qatar","Qatar"
NA,8353,"Yemeni Exclusive Economic Zone","Asia","the Republic of Yemen","the Republic of Yemen","Yemen"
NA,8375,"Israeli Exclusive Economic Zone","Asia","the State of Israel","the State of Israel","Israel"
NA,8491,"Jordanian Exclusive Economic Zone","Asia","the Hashemite Kingdom of Jordan","the Hashemite Kingdom of Jordan","Jordan"
NA,8352,"Djiboutian Exclusive Economic Zone","Africa","the Republic of Djibouti","the Republic of Djibouti","Djibouti"
NA,8481,"Bangladeshi Exclusive Economic Zone","Asia","the People's Republic of Bangladesh","the People's Republic of Bangladesh","Bangladesh"
NA,8474,"Nigerian Exclusive Economic Zone","Africa","the Federal Republic of Nigeria","the Federal Republic of Nigeria","Nigeria"
NA,8475,"Cameroonian Exclusive Economic Zone","Africa","the Republic of Cameroon","the Republic of Cameroon","Cameroon"
NA,21797,"Joint regime area Nigeria / Sao Tome and Principe","Africa",NA,NA,NA
NA,48976,"Joint regime area Italy / France","Europe",NA,NA,NA
NA,22491,"Bosnian and Herzegovinian Exclusive Economic Zone","Europe","Bosnia and Herzegovina","Bosnia and Herzegovina","Bosnia and Herzegovina"
NA,48957,"Guam Exclusive Economic Zone","Oceania","Guam","the United States of America","Guam"
NA,8318,"Marshall Islands Exclusive Economic Zone","Oceania","the Republic of the Marshall Islands","the Republic of the Marshall Islands","Marshall Islands"
NA,48980,"Northern Mariana Exclusive Economic Zone","Oceania","the Commonwealth of the Northern Mariana Islands","the United States of America","Northern Mariana Islands"
NA,8315,"Palau Exclusive Economic Zone","Oceania","the Republic of Palau","the Republic of Palau","Palau"
NA,8322,"Philippines Exclusive Economic Zone","Asia","the Republic of the Philippines","the Republic of the Philippines","Philippines"
NA,48954,"Overlapping claim Senkaku Islands: Japan / China / Taiwan","Asia",NA,NA,NA
NA,8485,"Singaporean Exclusive Economic Zone","Asia","the Republic of Singapore","the Republic of Singapore","Singapore"
NA,8332,"Thailand Exclusive Economic Zone","Asia","the Kingdom of Thailand","the Kingdom of Thailand","Thailand"
NA,8319,"Wake Island Exclusive Economic Zone","Oceania","Wake Island","the United States of America","Wake Island"
NA,8484,"Vietnamese Exclusive Economic Zone","Asia","the Socialist Republic of Viet Nam","the Socialist Republic of Viet Nam","Viet Nam"
NA,21796,"Joint regime area Japan / Korea","Asia",NA,NA,NA
NA,26521,"Bruneian Exclusive Economic Zone","Asia","Brunei Darussalam","Brunei Darussalam","Brunei Darussalam"
NA,8321,"Taiwanese Exclusive Economic Zone","Asia","Taiwan Province of China","the People's Republic of China","Taiwan Province of China"
NA,8328,"North Korean Exclusive Economic Zone","Asia","the Democratic People's Republic of Korea","the Democratic People's Republic of Korea","Democratic People's Republic of Korea"
NA,8331,"Cambodian Exclusive Economic Zone","Asia","the Kingdom of Cambodia","the Kingdom of Cambodia","Cambodia"
NA,8486,"Chinese Exclusive Economic Zone","Asia","the People's Republic of China","the People's Republic of China","China"
NA,5675,"Estonian Exclusive Economic Zone","Europe","the Republic of Estonia","the Republic of Estonia","Estonia"
NA,5676,"Finnish Exclusive Economic Zone","Europe","the Republic of Finland","the Republic of Finland","Finland"
NA,5694,"Swedish Exclusive Economic Zone","Europe","the Kingdom of Sweden","the Kingdom of Sweden","Sweden"
NA,5684,"Lithuanian Exclusive Economic Zone","Europe","the Republic of Lithuania","the Republic of Lithuania","Lithuania"
NA,48977,"Joint regime area Sweden / Norway","Europe",NA,NA,NA
NA,3293,"Belgian Exclusive Economic Zone","Europe","the Kingdom of Belgium","the Kingdom of Belgium","Belgium"
NA,5668,"Dutch Exclusive Economic Zone","Europe","the Kingdom of the Netherlands","the Kingdom of the Netherlands","Netherlands (Kingdom of the)"
NA,5669,"German Exclusive Economic Zone","Europe","the Federal Republic of Germany","the Federal Republic of Germany","Germany"
NA,5674,"Danish Exclusive Economic Zone","Europe","the Kingdom of Denmark","the Kingdom of Denmark","Denmark"
NA,5683,"Latvian Exclusive Economic Zone","Europe","the Republic of Latvia","the Republic of Latvia","Latvia"
NA,5673,"Croatian Exclusive Economic Zone","Europe","the Republic of Croatia","the Republic of Croatia","Croatia"
NA,5682,"Italian Exclusive Economic Zone","Europe","the Republic of Italy","the Republic of Italy","Italy"
NA,5695,"Overlapping claim Ukrainian Exclusive Economic Zone","Europe",NA,NA,NA
NA,5689,"Romanian Exclusive economic Zone","Europe","Romania","Romania","Romania"
NA,8487,"Japanese Exclusive Economic Zone","Asia","Japan","Japan","Japan"
NA,48950,"Overlapping claim Kuril Islands: Japan / Russia","Asia",NA,NA,NA
NA,8333,"Indian Exclusive Economic Zone (Andaman and Nicobar Islands)","Asia","the Andaman and Nicobar Islands",NA,"Andaman and Nicobar Islands"
NA,8359,"Pakistani Exclusive Economic Zone","Asia","the Islamic Republic of Pakistan","the Islamic Republic of Pakistan","Pakistan"
NA,26523,"Turkmen Exclusive Economic Zone","Asia","Turkmenistan","Turkmenistan","Turkmenistan"
NA,26524,"Azerbaijanis Exclusive Economic Zone","Asia","the Republic of Azerbaijan","the Republic of Azerbaijan","Azerbaijan"
NA,26522,"Kazakh Exclusive Economic Zone","Asia","the Republic of Kazakhstan","the Republic of Kazakhstan","Kazakhstan"
NA,8482,"Myanmar Exclusive Economic Zone","Asia","the Republic of the Union of Myanmar","the Republic of the Union of Myanmar","Myanmar"
NA,5687,"Polish Exclusive Economic Zone","Europe","the Republic of Poland","the Republic of Poland","Poland"
NA,8480,"Indian Exclusive Economic Zone","Asia","the Republic of India","the Republic of India","India"
NA,26582,"Overlapping claim: Sudan / Egypt","Africa",NA,NA,NA
NA,8393,"Beninese Exclusive Economic Zone","Africa","the Republic of Benin","the Republic of Benin","Benin"
NA,5692,"Slovenian Exclusive Economic Zone","Europe","the Republic of Slovenia","the Republic of Slovenia","Slovenia"
NA,8483,"Malaysian Exclusive Economic Zone","Asia","Malaysia","Malaysia","Malaysia"
NA,49003,"Overlapping claim South China Sea","Asia",NA,NA,NA
NA,50167,"Joint regime area Croatia / Slovenia","Europe",NA,NA,NA
NA,8327,"South Korean Exclusive Economic Zone","Asia","the Republic of Korea","the Republic of Korea","Republic of Korea"
NA,48955,"Overlapping claim Liancourt Rocks: Japan / South Korea","Asia",NA,NA,NA
NA,50170,"Overlapping claim Qatar / Saudi Arabia / United Arab Emirates","Asia",NA,NA,NA
NA,8455,"New Zealand Exclusive Economic Zone","Oceania","New Zealand","New Zealand","New Zealand"
NA,8442,"Jarvis Island Exclusive Economic Zone","Oceania","Jarvis Island","the United States of America","Jarvis Island"
NA,8326,"Tuvaluan Exclusive Economic Zone","Oceania","Tuvalu","Tuvalu","Tuvalu"
NA,8454,"Wallis and Futuna Exclusive Economic Zone","Oceania","the Wallis and Futuna Islands",NA,"Wallis and Futuna Islands"
NA,8451,"Howland and Baker Islands Exclusive Economic Zone","Oceania","Howland and Baker Islands","the United States of America","Howland and Baker Islands"
NA,8325,"Fijian Exclusive Economic Zone","Oceania","the Republic of Fiji","the Republic of Fiji","Fiji"
NA,8464,"Brazilian Exclusive Economic Zone","Americas","the Federative Republic of Brazil","the Federative Republic of Brazil","Brazil"
NA,8441,"Kiribati Exclusive Economic Zone (Line Islands)","Oceania","the Republic of Kiribati (Line Islands)","the Republic of Kiribati","Kiribati (Line Islands)"
NA,8488,"Kiribati Exclusive Economic Zone (Gilbert Islands)","Oceania","the Republic of Kiribati (Gilbert Islands)","the Republic of Kiribati","Kiribati (Gilbert Islands)"
NA,8403,"Ecuadorian Exclusive Economic Zone (Galapagos)","Americas","the Republic of Ecuador (Galapagos)","the Republic of Ecuador","Ecuador (Galapagos)"
NA,8431,"Ecuadorian Exclusive Economic Zone","Americas","the Republic of Ecuador","the Republic of Ecuador","Ecuador"
NA,8397,"Sao Tome and Principe Exclusive Economic Zone","Africa","the Democratic Republic of Sao Tome and Principe","the Democratic Republic of Sao Tome and Principe","Sao Tome and Principe"
NA,8316,"Micronesian Exclusive Economic Zone","Oceania","the Federated States of Micronesia","the Federated States of Micronesia","Micronesia (Federated States of)"
NA,8398,"Equatorial Guinean Exclusive Economic Zone","Africa","the Republic of Equatorial Guinea","the Republic of Equatorial Guinea","Equatorial Guinea"
NA,8345,"Maldives Exclusive Economic Zone","Asia","the Republic of Maldives","the Republic of Maldives","Maldives"
NA,8324,"Papua New Guinean Exclusive Economic Zone","Oceania","the Independent State of Papua New Guinea",NA,"Papua New Guinea"
NA,8350,"Somali Exclusive Economic Zone","Africa","the Federal Republic of Somalia","the Federal Republic of Somalia","Somalia"
NA,8317,"Nauruan Exclusive Economic Zone","Oceania","the Republic of Nauru","the Republic of Nauru","Nauru"
NA,8476,"Gabonese Exclusive Economic Zone","Africa","the Gabonese Republic","the Gabonese Republic","Gabon"
NA,8492,"Indonesian Exclusive Economic Zone","Asia","the Republic of Indonesia","the Republic of Indonesia","Indonesia"
NA,48978,"Joint regime area United States / Russia","Europe",NA,NA,NA
NA,5677,"French Exclusive Economic Zone","Europe","the French Republic","the French Republic","France"
NA,8378,"Algerian Exclusive Economic Zone","Africa","the People's Democratic Republic of Algeria","the People's Democratic Republic of Algeria","Algeria"
NA,8400,"Ghanaian Exclusive Economic Zone","Africa","the Republic of Ghana","the Republic of Ghana","Ghana"
NA,8438,"Greenlandic Exclusive Economic Zone","Americas","Greenland","the Kingdom of Denmark","Greenland"
NA,5696,"United Kingdom Exclusive Economic Zone","Europe","the United Kingdom of Great Britain and Northern Ireland","the United Kingdom of Great Britain and Northern Ireland","United Kingdom of Great Britain and Northern Ireland"
NA,8453,"United States Exclusive Economic Zone (Hawaii)","Americas","the United States of America (Hawaii)","the United States of America","United States of America (Hawaii)"
NA,33181,"Svalbard Exclusive Economic Zone","Europe","the Svalbard Islands",NA,"Svalbard Islands"
NA,5686,"Norwegian Exclusive Economic Zone","Europe","the Kingdom of Norway","the Kingdom of Norway","Norway"
NA,5690,"Russian Exclusive economic Zone","Europe","the Russian Federation","the Russian Federation","Russian Federation"
NA,8437,"Jan Mayen Exclusive Economic Zone","Europe","the Jan Mayen Island",NA,"Jan Mayen Island"
NA,8463,"United States Exclusive Economic Zone (Alaska)","Americas","the United States of America (Alaska)","the United States of America","United States of America (Alaska)"
NA,5693,"Spanish Exclusive Economic Zone","Europe","the Kingdom of Spain","the Kingdom of Spain","Spain"
NA,62589,"Chagos Archipelago Exclusive Economic Zone","Asia","the Chagos Archipelago","the Republic of Mauritius","Chagos Archipelago"
NA,8402,"Bermudian Exclusive Economic Zone","Americas","Bermuda","the United Kingdom of Great Britain and Northern Ireland","Bermuda"
NA,8456,"United States Exclusive Economic Zone","Americas","the United States of America","the United States of America","United States of America"
NA,8383,"Overlapping claim South Georgia and South Sandwich Islands: UK / Argentina","Americas",NA,NA,NA
NA,62599,"Bouvet Island","Africa",NA,NA,NA
